{"cameraMode":{"drawMode":0,"name":"Shaded","section":"Shading Mode"},"sceneLighting":true,"audioPlay":false,"sceneViewState":{"m_AlwaysRefresh":false,"showFog":true,"showSkybox":true,"showFlares":true,"showImageEffects":true,"showParticleSystems":true,"showVisualEffectGraphs":true,"m_FxEnabled":true},"in2DMode":false,"pivot":{"x":761.9722290039063,"y":381.5534362792969,"z":78.76509094238281},"rotation":{"x":-0.010188564658164978,"y":-0.018002765253186227,"z":-0.00018351981998421252,"w":0.999787449836731},"size":478.18121337890627,"orthographic":false}